用户名,url,简介,粉丝
LJ人气医美,https://m.weibo.cn/u/2452618374?uid=2452618374&luicode=10000011&lfid=100103type%3D3%26q%3D%E5%8C%BB%E7%BE%8E%26t%3D,LJ医美协会创始人，国内第一家也是唯一一家日式无痕双眼皮、眼部整形正规专业医美机构。上海LJ医美手术咨询预约微信ljyimei4,85.4万
医美大石话,https://m.weibo.cn/u/2911603773?uid=2911603773&luicode=10000011&lfid=100103type%3D3%26q%3D%E5%8C%BB%E7%BE%8E%26t%3D,公立三甲97 上海市皮肤病医院医学美容科副主任医师石钰 四川大学华西医学院皮肤科硕士 从事医美与护肤相关的科研和医学工作17年 带你科学变美不踩雷,22.8万
医美面膜正品敷尔佳虾青素绽妍,https://m.weibo.cn/u/7269230268?uid=7269230268&luicode=10000011&lfid=100103type%3D3%26q%3D%E5%8C%BB%E7%BE%8E%26t%3D,V15237633665 品质保证，批发零售敷尔佳绽妍～开韵清 昕芙丽，全部院线版自用也很划算 长期招代理可代发无需囤货,9.8万
医美扒皮姐,https://m.weibo.cn/u/1680231142?uid=1680231142&luicode=10000011&lfid=100103type%3D3%26q%3D%E5%8C%BB%E7%BE%8E%26t%3D,一起扒医美行业，避免姐妹踩雷！,79.4万
医美小悦悦,https://m.weibo.cn/u/5165283931?uid=5165283931&luicode=10000011&lfid=100103type%3D3%26q%3D%E5%8C%BB%E7%BE%8E%26t%3D,免费在线设计整形美容项目，术前术后解答，集美们来和我一起科学变美吧！,36.3万
敷尔佳医美面膜斐思妮芙清博乐达,https://m.weibo.cn/u/1688207987?uid=1688207987&luicode=10000011&lfid=100103type%3D3%26q%3D%E5%8C%BB%E7%BE%8E%26t%3D,V: 416317440 正品保障，一件代发，招代理,19.9万
伊朵医美,https://m.weibo.cn/u/6171829888?uid=6171829888&luicode=10000011&lfid=100103type%3D3%26q%3D%E5%8C%BB%E7%BE%8E%26t%3D,成都伊朵皮肤医疗美容是一家精通精微皮肤检测，以皮肤美容管理为主导的皮肤医疗美容机构。,4.9万
医美整形大鉴赏,https://m.weibo.cn/u/2664354734?uid=2664354734&luicode=10000011&lfid=100103type%3D3%26q%3D%E5%8C%BB%E7%BE%8E%26t%3D,一个真实、公正、客观的整形经历分享平台，帮你理性种草，医美不踩雷78,19万
德医皮肤医美,https://m.weibo.cn/u/6104790980?uid=6104790980&luicode=10000011&lfid=100103type%3D3%26q%3D%E5%8C%BB%E7%BE%8E%26t%3D,德医秉承“专业、严谨、透明、舒适”的品牌价值观，认真对待每一位顾客。用专业治愈及改善皮肤状态，用匠心铸就顾客自信。,2.3万
你的医美功课笔记,https://m.weibo.cn/u/6463006798?uid=6463006798&luicode=10000011&lfid=100103type%3D3%26q%3D%E5%8C%BB%E7%BE%8E%26t%3D,一个真实、公正、客观的整形经历分享平台，关注阿笔帮你理性种草，医美不踩雷78,17.2万
米思造型_美思医美创始人米妮,https://m.weibo.cn/u/1773901315?uid=1773901315&luicode=10000011&lfid=100103type%3D3%26q%3D%E5%8C%BB%E7%BE%8E%26t%3D,微信2225972088 永久无痕双眼皮，零恢复期。24小时可化妆。不开刀不埋线。零基础学化妆。时尚服装搭配,11.2万
柠檬说医美,https://m.weibo.cn/u/1372534777?uid=1372534777&luicode=10000011&lfid=100103type%3D3%26q%3D%E5%8C%BB%E7%BE%8E%26t%3D,整形博主，国内医院医生测评，整形手术全解，术前术后恢复护理帮助，记得来私聊我哦～,81万
弥亚蓝上海北京杭州医美科技,https://m.weibo.cn/u/3783871973?uid=3783871973&luicode=10000011&lfid=100103type%3D3%26q%3D%E5%8C%BB%E7%BE%8E%26t%3D,深圳老牌微整，正规整形医院，微博最火的深圳整形机构！主打自然风。,47万
医美萌小花,https://m.weibo.cn/u/3919513041?uid=3919513041&luicode=10000011&lfid=100103type%3D3%26q%3D%E5%8C%BB%E7%BE%8E%26t%3D,国内三甲、公立、正规整形医院医生推荐 医美达人 有问题请【私信】,34.8万
医美贝贝儿,https://m.weibo.cn/u/2393177303?uid=2393177303&luicode=10000011&lfid=100103type%3D3%26q%3D%E5%8C%BB%E7%BE%8E%26t%3D,【全国各地医院|专家|价格|案例】整形美容有问必答……,22.3万
医美面膜敷尔佳芙清斐思妮复因,https://m.weibo.cn/u/6361229988?uid=6361229988&luicode=10000011&lfid=100103type%3D3%26q%3D%E5%8C%BB%E7%BE%8E%26t%3D,从事医美行业的第五年，资深医美护肤品卖家 商品均是低价正品，只想把好的产品分享给大家请多多关注 护肤咨询v：1697459383  零售、批发、一件代发,17.1万
日本整形医美翻译小小酱,https://m.weibo.cn/u/3117935784?uid=3117935784&luicode=10000011&lfid=100103type%3D3%26q%3D%E5%8C%BB%E7%BE%8E%26t%3D,日本美容 整形 医疗 最专业的翻译团队,9.1万
医美整形仙女日记,https://m.weibo.cn/u/5061685077?uid=5061685077&luicode=10000011&lfid=100103type%3D3%26q%3D%E5%8C%BB%E7%BE%8E%26t%3D,医美博主，专业提供医美整形咨询，避坑指南和反馈查询服务，客观公正是第一宗旨,31.7万
日本整形医美干细胞翻译sct,https://m.weibo.cn/u/6560173318?uid=6560173318&luicode=10000011&lfid=100103type%3D3%26q%3D%E5%8C%BB%E7%BE%8E%26t%3D,6年职业医美整形医疗翻译 日本知名制药公司战略咨询顾问 VX:seechangetokyo,9.3万
叮当姐姐医美功课,https://m.weibo.cn/u/2734024005?uid=2734024005&luicode=10000011&lfid=100103type%3D3%26q%3D%E5%8C%BB%E7%BE%8E%26t%3D,变美+V:sisi168820,8.3万
医美避坑酱,https://m.weibo.cn/u/3937306742?uid=3937306742&luicode=10000011&lfid=100103type%3D3%26q%3D%E5%8C%BB%E7%BE%8E%26t%3D,变美教程都在这里，记录姐妹们变美的过程哦,14.2万
优酱日本整形医美翻译,https://m.weibo.cn/u/3275961592?uid=3275961592&luicode=10000011&lfid=100103type%3D3%26q%3D%E5%8C%BB%E7%BE%8E%26t%3D,超过10年的专职日本医美翻译经历，可以为您解答关于日本整形的任何问题，提供全面、细致、专业的一站式赴日本医美整形服务。微信：utokoo2012。,15.7万
微博电商颜究院,https://m.weibo.cn/u/5574737580?uid=5574737580&luicode=10000011&lfid=100103type%3D3%26q%3D%E5%8C%BB%E7%BE%8E%26t%3D,,579.8万
医美小表叔,https://m.weibo.cn/u/5756411160?uid=5756411160&luicode=10000011&lfid=100103type%3D3%26q%3D%E5%8C%BB%E7%BE%8E%26t%3D,小表叔专注自己！,50.8万
星模医美整形,https://m.weibo.cn/u/2432061135?uid=2432061135&luicode=10000011&lfid=100103type%3D3%26q%3D%E5%8C%BB%E7%BE%8E%26t%3D,777815薇7815:bm0028，专业培养半永久纹绣大咖。上海广州广西南宁深圳韩式半永久培训，日式无感美睫培训,32.4万
今日医美,https://m.weibo.cn/u/6426139970?uid=6426139970&luicode=10000011&lfid=100103type%3D3%26q%3D%E5%8C%BB%E7%BE%8E%26t%3D,扒皮医美整形圈，一名只说实话的医圈老司机,14万
医美抗衰马洪云,https://m.weibo.cn/u/1411556341?uid=1411556341&luicode=10000011&lfid=100103type%3D3%26q%3D%E5%8C%BB%E7%BE%8E%26t%3D,现任北京医疗机构院长，中国整形美容协会微创与皮肤整形美容分会会员 中国医师协会整形与美容分会会员  新生代光学美肤代表性人物。,29.7万
MIRGAMKOSEL小mk包创始-医美云仓,https://m.weibo.cn/u/1943529002?uid=1943529002&luicode=10000011&lfid=100103type%3D3%26q%3D%E5%8C%BB%E7%BE%8E%26t%3D,pac3277315MIRGAM KOSEL-小mk包官方招商-Dito眼影盘-aic 医美云仓货源官方招商中,4.8万
医美团,https://m.weibo.cn/u/6749448500?uid=6749448500&luicode=10000011&lfid=100103type%3D3%26q%3D%E5%8C%BB%E7%BE%8E%26t%3D,医美全系列代理商，咨询V78+yimei730,14.4万
十三姨说医美,https://m.weibo.cn/u/2718529583?uid=2718529583&luicode=10000011&lfid=100103type%3D3%26q%3D%E5%8C%BB%E7%BE%8E%26t%3D,说医美、讲整形，我是认真的，评论回复不及时，请私信留言。姨相信明天会更美好。,13.7万
钟美轻医美,https://m.weibo.cn/u/7295992981?uid=7295992981&luicode=10000011&lfid=100103type%3D3%26q%3D%E5%8C%BB%E7%BE%8E%26t%3D,,5.4万
艾可医美护肤,https://m.weibo.cn/u/6308290922?uid=6308290922&luicode=10000011&lfid=100103type%3D3%26q%3D%E5%8C%BB%E7%BE%8E%26t%3D,,1.4万
日本医美整形翻译Yuki酱,https://m.weibo.cn/u/3236865710?uid=3236865710&luicode=10000011&lfid=100103type%3D3%26q%3D%E5%8C%BB%E7%BE%8E%26t%3D,职业医美翻译丨翻译次数3000+丨医学工学毕业丨日本美容外科学会会员丨分享日本医美最真实的情报,12.5万
医美指南酱,https://m.weibo.cn/u/5328726884?uid=5328726884&luicode=10000011&lfid=100103type%3D3%26q%3D%E5%8C%BB%E7%BE%8E%26t%3D,想看到每个在变美路上的姐妹们一路畅通,86.6万
重庆微整形医美君,https://m.weibo.cn/u/6574908110?uid=6574908110&luicode=10000011&lfid=100103type%3D3%26q%3D%E5%8C%BB%E7%BE%8E%26t%3D,V心 chongqing1025,2.5万
新井日本医疗医美_露露,https://m.weibo.cn/u/1768153793?uid=1768153793&luicode=10000011&lfid=100103type%3D3%26q%3D%E5%8C%BB%E7%BE%8E%26t%3D,お茶の水女子大学硕士  赴日医美医疗咨询 lulu_ocha,7.7万
台湾日本媛颂医美整形_薛薛,https://m.weibo.cn/u/6402621570?uid=6402621570&luicode=10000011&lfid=100103type%3D3%26q%3D%E5%8C%BB%E7%BE%8E%26t%3D,VX：xuexue2021xue 有温度 有态度 爱分享的美学设计师  团队招新，陪跑成长,3.4万
宁波薇琳医美,https://m.weibo.cn/u/5628107398?uid=5628107398&luicode=10000011&lfid=100103type%3D3%26q%3D%E5%8C%BB%E7%BE%8E%26t%3D,Redream薇琳医美，中美韩合资高端连锁医美品牌，汇聚中外医学专家、领先医学美容与抗老化及研究成果，致力于为每位女性提供高端、专业、定制的健康美丽服务。,5.2万
桃谜藤井原医美整形_Bling,https://m.weibo.cn/u/3860357879?uid=3860357879&luicode=10000011&lfid=100103type%3D3%26q%3D%E5%8C%BB%E7%BE%8E%26t%3D,桃谜/藤井原 美学设计总监,36.8万
医美在三甲,https://m.weibo.cn/u/5876274227?uid=5876274227&luicode=10000011&lfid=100103type%3D3%26q%3D%E5%8C%BB%E7%BE%8E%26t%3D,三甲医疗背景专家合作授权推广平台―提供（眼鼻整形、口腔颌面、胸部私密整形、脂肪塑形、创伤修复）术前指导；面诊手术预约，资讯案例分享，医美产品,28.6万
医美解答颜筱沫,https://m.weibo.cn/u/5043921845?uid=5043921845&luicode=10000011&lfid=100103type%3D3%26q%3D%E5%8C%BB%E7%BE%8E%26t%3D,术前分析、整形方案，术后疑问，医院医生信息，整形价格可找沫沫了解！,10.4万
英国医美111HarleySt,https://m.weibo.cn/u/5242708514?uid=5242708514&luicode=10000011&lfid=100103type%3D3%26q%3D%E5%8C%BB%E7%BE%8E%26t%3D,111 Harley St.是由Dr Yannis Alexandrides 于2001年在伦敦创立的整形外科诊所，是英国伦敦最著名、口碑最好的医学美容整形医院之一，同时也是英国最早配备中文服务的整形医院之一。111 Harley St.致力于为顾客提供最尖端的医美科技，从手术外科、微整形到皮肤管理，我们一直追求为客人带来最完美的体验及效果。我们在伦敦迎接来自世界各地的顾客，让每一位顾客都享受世界顶尖的私人护理。此外，111SKIN是Dr Yannis Alexandrides旗下研发推出的奢华医美抗衰老护肤品牌，并且于2016在英国首创111CRYO冷冻疗法护理。 欢迎联系预约，客服微信:HarleySt111,1.8万
医美匠人胡魁,https://m.weibo.cn/u/7630169183?uid=7630169183&luicode=10000011&lfid=100103type%3D3%26q%3D%E5%8C%BB%E7%BE%8E%26t%3D,一个靠谱做医美的医生胡魁       不只是医生科普       主要聊医美，偶尔聊心理 ------------------------------,5.8万
医美面膜,https://m.weibo.cn/u/6514179642?uid=6514179642&luicode=10000011&lfid=100103type%3D3%26q%3D%E5%8C%BB%E7%BE%8E%26t%3D,0615：axiayimei 医美全系列敷尔佳，可复美，芙清，斐思妮，可丽金，美帕，米蓓尔，伊珊，菲洛嘉，修丽可。,21.8万
花姐说医美,https://m.weibo.cn/u/6852573755?uid=6852573755&luicode=10000011&lfid=100103type%3D3%26q%3D%E5%8C%BB%E7%BE%8E%26t%3D,术前不用心，术后两行泪，整形有风险，三思而后行,16万
弥亚蓝广东广州深圳医美,https://m.weibo.cn/u/2446960515?uid=2446960515&luicode=10000011&lfid=100103type%3D3%26q%3D%E5%8C%BB%E7%BE%8E%26t%3D,LANCY微整形，众多网红嫩模整形案例   全国可注射  美白针  瘦脸针  溶脂针  水光针  玻尿酸  人胎素 双眼皮 抽脂  吸脂填充等。,13万
繁星轻医美,https://m.weibo.cn/u/6342574036?uid=6342574036&luicode=10000011&lfid=100103type%3D3%26q%3D%E5%8C%BB%E7%BE%8E%26t%3D,互联网+轻医美连锁品牌,7.5万
医美科普员,https://m.weibo.cn/u/6511504083?uid=6511504083&luicode=10000011&lfid=100103type%3D3%26q%3D%E5%8C%BB%E7%BE%8E%26t%3D,双眼皮，高挺精致小翘鼻，术前咨询，术后案例反馈,2万
布丁医美酱,https://m.weibo.cn/u/5639922589?uid=5639922589&luicode=10000011&lfid=100103type%3D3%26q%3D%E5%8C%BB%E7%BE%8E%26t%3D,要求于人的甚少，给予人的甚多，这就是松树的风格。－－陶铸,20万
妤露韩国医美馆,https://m.weibo.cn/u/2418852232?uid=2418852232&luicode=10000011&lfid=100103type%3D3%26q%3D%E5%8C%BB%E7%BE%8E%26t%3D,Korea songjuk (韩国松竹)护肤品是韩国专供美容整容院的医用护肤品制造商。,10.7万
容境医美APP,https://m.weibo.cn/u/5754690904?uid=5754690904&luicode=10000011&lfid=100103type%3D3%26q%3D%E5%8C%BB%E7%BE%8E%26t%3D,,9.7万
蜜思优医美,https://m.weibo.cn/u/7725943451?uid=7725943451&luicode=10000011&lfid=100103type%3D3%26q%3D%E5%8C%BB%E7%BE%8E%26t%3D,蜜思优医美|卓越诊所  西北地区首家赛诺龙Candela卓越诊所,2.7万
医美开路先锋,https://m.weibo.cn/u/3499104427?uid=3499104427&luicode=10000011&lfid=100103type%3D3%26q%3D%E5%8C%BB%E7%BE%8E%26t%3D,姐妹们有医美相关问题可以私信问我。,20.1万
智慧医美圈,https://m.weibo.cn/u/6013751992?uid=6013751992&luicode=10000011&lfid=100103type%3D3%26q%3D%E5%8C%BB%E7%BE%8E%26t%3D,,8804
KOREA-V医美,https://m.weibo.cn/u/5592489565?uid=5592489565&luicode=10000011&lfid=100103type%3D3%26q%3D%E5%8C%BB%E7%BE%8E%26t%3D,幽默是最乐观的生活态度,39.3万
医美爱美酱,https://m.weibo.cn/u/3747034123?uid=3747034123&luicode=10000011&lfid=100103type%3D3%26q%3D%E5%8C%BB%E7%BE%8E%26t%3D,姐妹们有任何医美方面的问题都可以来问我。,19.9万
医美路漫漫,https://m.weibo.cn/u/5059756197?uid=5059756197&luicode=10000011&lfid=100103type%3D3%26q%3D%E5%8C%BB%E7%BE%8E%26t%3D,积德为产业，强胜于美宅良田。,19.6万
颜酱的医美攻略,https://m.weibo.cn/u/6086609324?uid=6086609324&luicode=10000011&lfid=100103type%3D3%26q%3D%E5%8C%BB%E7%BE%8E%26t%3D,整形案例分享，医美知识普及,8.8万
爱吉赛儿IGisele,https://m.weibo.cn/u/3140891287?uid=3140891287&luicode=10000011&lfid=100103type%3D3%26q%3D%E5%8C%BB%E7%BE%8E%26t%3D,我的博客:http://blog.sina.com.cn/loveigisele 保养彩妆医美狂热份子 有任何这方面的问题欢迎问我喔,104.8万
医美864,https://m.weibo.cn/u/6283786180?uid=6283786180&luicode=10000011&lfid=100103type%3D3%26q%3D%E5%8C%BB%E7%BE%8E%26t%3D,,4.8万
医美面膜敷尔佳斐思妮芙芙可复美,https://m.weibo.cn/u/7463924204?uid=7463924204&luicode=10000011&lfid=100103type%3D3%26q%3D%E5%8C%BB%E7%BE%8E%26t%3D,+vx dahaishen9正规医疗器械公司，招代理，敷尔佳，菲尔思，芙清，芙芙，头皮素，可复美，绽妍，斐思妮，博乐达，创福康，虾青素，传明酸，米蓓尔等,34.3万
网拍模特莆田鞋潮牌医美敷尔佳,https://m.weibo.cn/u/2390757112?uid=2390757112&luicode=10000011&lfid=100103type%3D3%26q%3D%E5%8C%BB%E7%BE%8E%26t%3D,此广告位可租售06ww79240,66.9万
医美面膜全球购,https://m.weibo.cn/u/3224050387?uid=3224050387&luicode=10000011&lfid=100103type%3D3%26q%3D%E5%8C%BB%E7%BE%8E%26t%3D,薇7315：852618606 医美面膜敷尔佳菲尔思芙清博乐达可复美米蓓尔敷益清斐思妮柏芙林虾青素传明酸 正品直邮日韩泰全球购,31.3万
长泽鸭梨,https://m.weibo.cn/u/3236957071?uid=3236957071&luicode=10000011&lfid=100103type%3D3%26q%3D%E5%8C%BB%E7%BE%8E%26t%3D,,37.6万
敷尔佳医美面膜博乐达斐思妮芙清,https://m.weibo.cn/u/7468211672?uid=7468211672&luicode=10000011&lfid=100103type%3D3%26q%3D%E5%8C%BB%E7%BE%8E%26t%3D,薇7815: 852618606 医美面膜敷尔佳博乐达斐思妮可复美芙清菲尔思米蓓尔柏芙林虾青素传明酸敷益清 正品直邮日韩泰全球购,24.7万
珈蓝医美,https://m.weibo.cn/u/6534260834?uid=6534260834&luicode=10000011&lfid=100103type%3D3%26q%3D%E5%8C%BB%E7%BE%8E%26t%3D,小店：珈蓝医美，v号是memen666或18150502515,1.8万
NK微整形上海北京深圳广州医美,https://m.weibo.cn/u/3984846905?uid=3984846905&luicode=10000011&lfid=100103type%3D3%26q%3D%E5%8C%BB%E7%BE%8E%26t%3D,咨询v：ruixi33333,48.2万
变瘦变美医美整形颜究院,https://m.weibo.cn/u/3565125482?uid=3565125482&luicode=10000011&lfid=100103type%3D3%26q%3D%E5%8C%BB%E7%BE%8E%26t%3D,咨询77V：Sunnyforyou3,6.8万
更美所长最会看脸,https://m.weibo.cn/u/6855680230?uid=6855680230&luicode=10000011&lfid=100103type%3D3%26q%3D%E5%8C%BB%E7%BE%8E%26t%3D,人生不是天生，所长在线看脸助你更美,22.3万
亮创问美,https://m.weibo.cn/u/1867725410?uid=1867725410&luicode=10000011&lfid=100103type%3D3%26q%3D%E5%8C%BB%E7%BE%8E%26t%3D,变美的问题都可问，美美哒！  医生个人IP影响力扩散，医院管理,305.6万
瑞妍法尔曼MBR医美全球高端护理,https://m.weibo.cn/u/1814666827?uid=1814666827&luicode=10000011&lfid=100103type%3D3%26q%3D%E5%8C%BB%E7%BE%8E%26t%3D,vx：jixiang200866 经营瑞妍法尔曼MBR，nescens，swissgetal，菲洛嘉等高端品牌。,2.2万
西婵医美,https://m.weibo.cn/u/1915254173?uid=1915254173&luicode=10000011&lfid=100103type%3D3%26q%3D%E5%8C%BB%E7%BE%8E%26t%3D,四川西婵整形美容医院创建于2005年3月，现5城连锁店（成都、上海、自贡、宜宾、乐山）总院在成都，以特色优势项目“皮肤美容”为载体，开设医美社区店“西婵菁肤”，为顾客提供医美级皮肤治疗和管理方案，进一步实现“让美・更轻松”的品牌理念。,14.9万
医美干细胞微整抗衰,https://m.weibo.cn/u/5975377913?uid=5975377913&luicode=10000011&lfid=100103type%3D3%26q%3D%E5%8C%BB%E7%BE%8E%26t%3D,咨询77V:  13777477900 杭州谦恩生物科技有限公司 干细胞高端微整抗衰，私密回春,51.8万
医美面膜护肤品院线产品工厂直营,https://m.weibo.cn/u/6288352305?uid=6288352305&luicode=10000011&lfid=100103type%3D3%26q%3D%E5%8C%BB%E7%BE%8E%26t%3D,V78:liu949899778 冷敷贴面膜 妆.械.特字号面膜 冻干粉 水乳霜精华保湿液 洗脸巾 OEM贴牌厂家直供,48.5万
医美教主Mock,https://m.weibo.cn/u/2789690850?uid=2789690850&luicode=10000011&lfid=100103type%3D3%26q%3D%E5%8C%BB%E7%BE%8E%26t%3D,"陈瑞NMock，70后台湾人, 分子生物研究所毕业，目前负责上海某跨国整形医院谘询总监。",8.8万
陈俊光医生_台Q妍t美,https://m.weibo.cn/u/2623865895?uid=2623865895&luicode=10000011&lfid=100103type%3D3%26q%3D%E5%8C%BB%E7%BE%8E%26t%3D,我是陈俊光医师，台湾净妍医美集团总院长，台湾微整形学会副秘书长。提供微整形、整形谘询，欢迎大家关注~~台湾，上海，武汉，成都同步为你服务！,8.6万
透透医美,https://m.weibo.cn/u/5872591335?uid=5872591335&luicode=10000011&lfid=100103type%3D3%26q%3D%E5%8C%BB%E7%BE%8E%26t%3D,透透医美-不花冤枉钱，发现取悦自己的美,1.9万
阿里里医美护肤品种草,https://m.weibo.cn/u/6811345439?uid=6811345439&luicode=10000011&lfid=100103type%3D3%26q%3D%E5%8C%BB%E7%BE%8E%26t%3D,cr：动漫头像收藏馆 | 精简护肤 | 分享生活,1.7万
日本医美咨询翻译_薛薛,https://m.weibo.cn/u/2622174603?uid=2622174603&luicode=10000011&lfid=100103type%3D3%26q%3D%E5%8C%BB%E7%BE%8E%26t%3D,wechat：celine_1    医疗翻译、医美咨询师双资格。,11万
MEIQUEEN轻医美,https://m.weibo.cn/u/5113221231?uid=5113221231&luicode=10000011&lfid=100103type%3D3%26q%3D%E5%8C%BB%E7%BE%8E%26t%3D,MEIQUEEN轻医美，美国医学界顶尖无创整形美容高端品牌。WX：meiqueen_,17.4万
医美面膜正品代理敷尔佳芙清美卿,https://m.weibo.cn/u/5041802864?uid=5041802864&luicode=10000011&lfid=100103type%3D3%26q%3D%E5%8C%BB%E7%BE%8E%26t%3D,招租，，，当你认真做一件事时，你能感受到真的经历了时间,34.2万
梁德伟魔术主持歌手摄影外模医美,https://m.weibo.cn/u/1737700847?uid=1737700847&luicode=10000011&lfid=100103type%3D3%26q%3D%E5%8C%BB%E7%BE%8E%26t%3D,13560380097 抖音david603 魔术主持歌手摄影名车泡泡秀水鼓提琴 彩绘特技 dj 沙画 冰上芭蕾变脸 调酒 乐队 唱跳 外国组合模仿秀地产明星名表医美丰胸,1.1万
广州瑰丽诗医美整形,https://m.weibo.cn/u/7210620975?uid=7210620975&luicode=10000011&lfid=100103type%3D3%26q%3D%E5%8C%BB%E7%BE%8E%26t%3D,变美VX: 18594010304,51万
医美萌主七七,https://m.weibo.cn/u/5187785718?uid=5187785718&luicode=10000011&lfid=100103type%3D3%26q%3D%E5%8C%BB%E7%BE%8E%26t%3D,整形术前方案设计，案例，价格，医院，专家，术后护理等一系列医美整形方面问题都可以问我,18万
植信医美,https://m.weibo.cn/u/5664260410?uid=5664260410&luicode=10000011&lfid=100103type%3D3%26q%3D%E5%8C%BB%E7%BE%8E%26t%3D,,7657
工体卡戴珊,https://m.weibo.cn/u/5147711482?uid=5147711482&luicode=10000011&lfid=100103type%3D3%26q%3D%E5%8C%BB%E7%BE%8E%26t%3D,别把时间浪费在废物身上,17.5万
医美整形博士闻可,https://m.weibo.cn/u/1000820017?uid=1000820017&luicode=10000011&lfid=100103type%3D3%26q%3D%E5%8C%BB%E7%BE%8E%26t%3D,医美整形美女博士 瑞蓝全球精英大师 擅长双眼皮 隆鼻 隆胸 脂肪移植等各类整形手术微整形项目  网红女神 门诊周一，周三上午8.30到12:00,3万
智美颜和品质医美,https://m.weibo.cn/u/5897700927?uid=5897700927&luicode=10000011&lfid=100103type%3D3%26q%3D%E5%8C%BB%E7%BE%8E%26t%3D,智美颜和品质医美，是一家连锁医美品牌，目前在上海、杭州、南京、苏州均拥有连锁机构，正规资质、严选品质、审美高级，成为6w+高知女性的信赖之选。,7.8万
臻妍颂_医美抗衰蒋老师,https://m.weibo.cn/u/1741049651?uid=1741049651&luicode=10000011&lfid=100103type%3D3%26q%3D%E5%8C%BB%E7%BE%8E%26t%3D,"Don't try so hard, the best things come when you least expect them to.",2.1万
博妍医美剥离总部陈似娃,https://m.weibo.cn/u/2342251287?uid=2342251287&luicode=10000011&lfid=100103type%3D3%26q%3D%E5%8C%BB%E7%BE%8E%26t%3D,博妍医美门诊总部：  原创剥离微雕技术合作平台   原创剥离技术服务总部   「微信：wawa20200288」,6577
医美整形的功课笔记,https://m.weibo.cn/u/3975759540?uid=3975759540&luicode=10000011&lfid=100103type%3D3%26q%3D%E5%8C%BB%E7%BE%8E%26t%3D,医美整形社是微博上专业提供医美干货，择医就医咨询和医美类官方活动的综合服务平台。提供整形医院医生案例口碑、整形功课攻略等。,13万
艺人专属医美咨询师晓明老师,https://m.weibo.cn/u/2295227755?uid=2295227755&luicode=10000011&lfid=100103type%3D3%26q%3D%E5%8C%BB%E7%BE%8E%26t%3D,中韩艺人面部年轻化指定咨询师  化妆营销学硕士,12.9万
北京五洲医美,https://m.weibo.cn/u/3962842550?uid=3962842550&luicode=10000011&lfid=100103type%3D3%26q%3D%E5%8C%BB%E7%BE%8E%26t%3D,北京市朝阳区西大望路24号,10.9万
宜采日本高端医美翻译,https://m.weibo.cn/u/6413313872?uid=6413313872&luicode=10000011&lfid=100103type%3D3%26q%3D%E5%8C%BB%E7%BE%8E%26t%3D,欢迎关注宜采！ 公众号：宜采主义 赴日医美咨询请添加专业顾问微信：ycbj025 让我们一起变得更美～,11.6万
医美视界传媒,https://m.weibo.cn/u/3023139510?uid=3023139510&luicode=10000011&lfid=100103type%3D3%26q%3D%E5%8C%BB%E7%BE%8E%26t%3D,医美视界―中国整形美容协会新闻中心,6万
医美皮肤管理Mrs,https://m.weibo.cn/u/5581457306?uid=5581457306&luicode=10000011&lfid=100103type%3D3%26q%3D%E5%8C%BB%E7%BE%8E%26t%3D,咨询皮肤问题请加VX：t316893334,2.4万
医美大侠潇潇,https://m.weibo.cn/u/7437427186?uid=7437427186&luicode=10000011&lfid=100103type%3D3%26q%3D%E5%8C%BB%E7%BE%8E%26t%3D,中国著名整形秘籍收藏整理者,1.8万
医美姐,https://m.weibo.cn/u/5664601467?uid=5664601467&luicode=10000011&lfid=100103type%3D3%26q%3D%E5%8C%BB%E7%BE%8E%26t%3D,医美整形+牙齿矫正+毛发移植V：aimei121-,1万
医美直播bot,https://m.weibo.cn/u/5712789636?uid=5712789636&luicode=10000011&lfid=100103type%3D3%26q%3D%E5%8C%BB%E7%BE%8E%26t%3D,恭喜你找到了微博医美交流小组 经验功课交流分享‖种草拔草避雷‖医美护肤好物活动速报返利自转 投稿合作请私信哦92,2.4万
